election,rows,total_actual_voters,geographic_scope_rows,geographic_scope_actual_voters,mapped_geographic_rows,mapped_geographic_actual_voters,mapped_actual_voter_share,statistical_mode_mapped_rows,statistical_mode_mapped_actual_voters,statistical_mode_mapped_actual_voter_share,statistical_mode_pending_rows,statistical_mode_pending_actual_voters,locality_mode_mapped_rows,locality_mode_mapped_actual_voters,locality_mode_mapped_actual_voter_share,locality_mode_pending_rows,locality_mode_pending_actual_voters,statistical_area_rows,statistical_area_actual_voters,custom_geography_rows,custom_geography_actual_voters,unmapped_rows,unmapped_actual_voters,envelope_rows,envelope_actual_voters,special_non_geographic_rows,special_non_geographic_actual_voters
K25,12545,4794593,11699,4331026,10882,4067783,0.84841,10882,4067783,0.939219,817,263243,11699,4331026,1.0,0,0,10882,4067783,0,0,1663,726810,846,463567,8,760
K24,12926,4436365,12119,4010014,11248,3797313,0.855951,11248,3797313,0.946958,871,212701,12119,4010014,1.0,0,0,11248,3797313,0,0,1678,639052,807,426351,8,839
K23,11179,4615135,10623,4284014,10004,3986862,0.863867,10004,3986862,0.930637,619,297152,10623,4284014,1.0,0,0,10004,3986862,0,0,1175,628273,556,331121,8,912
K22,10901,4465168,10531,4181911,9920,3915865,0.87698,9920,3915865,0.936382,611,266046,10531,4181911,1.0,0,0,9920,3915865,0,0,981,549303,370,283257,8,815
K21,10765,4340253,10452,4098524,9854,3873364,0.892428,9854,3873364,0.945063,598,225160,10452,4098524,1.0,0,0,9854,3873364,0,0,911,466889,313,241729,8,946
K20,10414,4254738,10112,4019324,9521,3750295,0.88144,9521,3750295,0.933066,591,269029,10112,4019324,1.0,0,0,9521,3750295,0,0,893,504443,302,235414,7,815
K19,10109,3833646,9875,3617176,9311,3402925,0.887647,9311,3402925,0.940768,564,214251,9875,3617176,1.0,0,0,9311,3402925,0,0,798,430721,234,216470,6,681
K18,9264,3416587,9259,3229261,8740,3039550,0.889645,8740,3039550,0.941253,519,189711,9259,3229261,1.0,0,0,8692,3033418,48,6132,524,377037,5,187326,4,407
K17,8426,3186739,8274,3011950,7859,2851734,0.894875,7859,2851734,0.946807,415,160216,8274,3011950,1.0,0,0,7815,2845405,44,6329,567,335005,152,174789,3,305
