election,rows,total_actual_voters,geographic_scope_rows,geographic_scope_actual_voters,mapped_geographic_rows,mapped_geographic_actual_voters,mapped_actual_voter_share,statistical_mode_mapped_rows,statistical_mode_mapped_actual_voters,statistical_mode_mapped_actual_voter_share,statistical_mode_pending_rows,statistical_mode_pending_actual_voters,locality_mode_mapped_rows,locality_mode_mapped_actual_voters,locality_mode_mapped_actual_voter_share,locality_mode_pending_rows,locality_mode_pending_actual_voters,statistical_area_rows,statistical_area_actual_voters,custom_geography_rows,custom_geography_actual_voters,unmapped_rows,unmapped_actual_voters,envelope_rows,envelope_actual_voters,special_non_geographic_rows,special_non_geographic_actual_voters
K25,12545,4794593,11699,4331026,10877,4066139,0.848068,10877,4066139,0.93884,822,264887,11699,4331026,1.0,0,0,10877,4066139,0,0,1668,728454,846,463567,8,760
K24,12926,4436365,12119,4010014,11161,3780231,0.852101,11161,3780231,0.942698,958,229783,12119,4010014,1.0,0,0,11161,3780231,0,0,1765,656134,807,426351,8,839
K23,11179,4615135,10623,4284014,9930,3957177,0.857435,9930,3957177,0.923708,693,326837,10623,4284014,1.0,0,0,9930,3957177,0,0,1249,657958,556,331121,8,912
K22,10901,4465168,10531,4181911,9919,3915521,0.876903,9919,3915521,0.936299,612,266390,10531,4181911,1.0,0,0,9919,3915521,0,0,982,549647,370,283257,8,815
K21,10765,4340253,10453,4098687,10023,3937475,0.907199,10023,3937475,0.960667,430,161212,10453,4098687,1.0,0,0,10023,3937475,0,0,742,402778,312,241566,7,783
K20,10414,4254738,10112,4019324,10051,3991286,0.93808,10051,3991286,0.993024,61,28038,10112,4019324,1.0,0,0,10051,3991286,0,0,363,263452,302,235414,7,815
K19,10109,3833646,9875,3617176,9309,3402388,0.887507,9309,3402388,0.94062,566,214788,9875,3617176,1.0,0,0,9309,3402388,0,0,800,431258,234,216470,6,681
K18,9264,3416587,9259,3229261,8740,3039550,0.889645,8740,3039550,0.941253,519,189711,9259,3229261,1.0,0,0,8699,3034238,41,5312,524,377037,5,187326,4,407
K17,8426,3186739,8274,3011950,7853,2850681,0.894545,7853,2850681,0.946457,421,161269,8274,3011950,1.0,0,0,7815,2845405,38,5276,573,336058,152,174789,3,305
