election,year,stat_area_vintage,geographic_scope_rows,geographic_scope_actual_voters,mapped_rows,mapped_actual_voters,pending_rows,pending_actual_voters,mapped_actual_voter_share
K25,2022,2011,11699,4331026,10877,4066139,822,264887,0.93884
K24,2021,2011,12119,4010014,11161,3780231,958,229783,0.942698
K23,2020,2011,10623,4284014,9930,3957177,693,326837,0.923708
K22,2019 Sep,2011,10531,4181911,9919,3915521,612,266390,0.936299
K21,2019 Apr,2011,10453,4098687,9845,3869765,608,228922,0.944147
K20,2015,2011,10112,4019324,9478,3733619,634,285705,0.928917
K19,2013,2011,9875,3617176,9309,3402388,566,214788,0.94062
K18,2009,2008,9259,3229261,8740,3039550,519,189711,0.941253
K17,2006,1995,8274,3011950,7853,2850681,421,161269,0.946457
